"Road length (kilometres) by road type and local authority in Great Britain, 2021",,,,,,,,,,,,,,,,,,,,,,,,,,,,,,,,,,,,,,,,,,,,,,,,,,,,,,,,,,,,,,,,,,,,,,,,,,,,
Table RDL0201a,,,,,,,,,,,,,,,,,,,,,,,,,,,,,,,,,,,,,,,,,,,,,,,,,,,,,,,,,,,,,,,,,,,,,,,,,,,,
Department for Transport statistics,,,,,,,,,,,,,,,,,,,,,,,,,,,,,,,,,,,,,,,,,,,,,,,,,,,,,,,,,,,,,,,,,,,,,,,,,,,,
Road lengths statistics,,,,,,,,,,,,,,,,,,,,,,,,,,,,,,,,,,,,,,,,,,,,,,,,,,,,,,,,,,,,,,,,,,,,,,,,,,,,
"Notes are used throughout this table, please see the notes tab to find the related notes text",,,,,,,,,,,,,,,,,,,,,,,,,,,,,,,,,,,,,,,,,,,,,,,,,,,,,,,,,,,,,,,,,,,,,,,,,,,,
Values in this table may not sum due to rounding,,,,,,,,,,,,,Kilometres,,,,,,,,,,,,,,,,,,,,,,,,,,,,,,,,,,,,,,,,,,,,,,,,,,,,,,,,,,,,,,,
"ONS Area 
Code",Region,Local Authority,Trunk motorways,Principal motorways,All motorways,Trunk rural 'A' roads,Trunk urban 'A' roads,Principal rural 'A' roads,Principal urban 'A' roads,All 'A' roads,Rural 'B' roads,Urban 'B' roads,Rural 'C' and 'U' roads,Urban 'C' and 'U' roads,All minor roads,Major trunk roads,Major principal roads,Minor roads,Total road length ,,,,,,,,,,,,,,,,,,,,,,,,,,,,,,,,,,,,,,,,,,,,,,,,,,,,,,,,,
E06000047,North East,County Durham UA,36.8,0.0,36.8,42.3,1.0,324.0,44.2,411.5,359.3,42.5,"1,933.7",968.9,"3,304.5",80.1,368.2,"3,304.5","3,752.8",,,,,,,,,,,,,,,,,,,,,,,,,,,,,,,,,,,,,,,,,,,,,,,,,,,,,,,,,
E06000005,North East,Darlington UA,9.5,0.0,9.5,12.4,0.4,36.3,15.9,65.0,20.0,9.2,182.9,276.6,488.7,22.3,52.2,488.7,563.2,,,,,,,,,,,,,,,,,,,,,,,,,,,,,,,,,,,,,,,,,,,,,,,,,,,,,,,,,
E06000001,North East,Hartlepool UA,0.0,0.0,0.0,8.4,0.0,22.3,17.3,48.0,2.0,7.0,64.4,292.2,365.6,8.4,39.6,365.6,413.6,,,,,,,,,,,,,,,,,,,,,,,,,,,,,,,,,,,,,,,,,,,,,,,,,,,,,,,,,
E06000002,North East,Middlesbrough UA,0.0,0.0,0.0,9.2,5.3,7.6,26.3,48.4,8.0,10.2,38.7,435.2,492.1,14.5,33.9,492.1,540.5,,,,,,,,,,,,,,,,,,,,,,,,,,,,,,,,,,,,,,,,,,,,,,,,,,,,,,,,,
E06000057,North East,Northumberland UA ,0.0,0.0,0.0,163.7,0.8,410.6,33.7,608.8,611.7,30.4,"3,283.3",601.9,"4,527.3",164.5,444.3,"4,527.3","5,136.1",,,,,,,,,,,,,,,,,,,,,,,,,,,,,,,,,,,,,,,,,,,,,,,,,,,,,,,,,
E06000003,North East,Redcar and Cleveland UA,0.0,0.0,0.0,5.1,2.6,76.1,11.6,95.4,14.9,6.6,263.9,308.6,594.0,7.7,87.7,594.0,689.4,,,,,,,,,,,,,,,,,,,,,,,,,,,,,,,,,,,,,,,,,,,,,,,,,,,,,,,,,
E06000004,North East,Stockton-on-Tees UA,0.0,0.0,0.0,26.3,3.5,41.0,33.3,104.1,6.0,7.3,185.1,597.8,796.2,29.8,74.3,796.2,900.3,,,,,,,,,,,,,,,,,,,,,,,,,,,,,,,,,,,,,,,,,,,,,,,,,,,,,,,,,
E08000037,North East,Gateshead,5.3,0.0,5.3,8.6,6.4,32.3,29.8,77.1,15.0,30.7,172.0,610.5,828.3,20.3,62.1,828.3,910.7,,,,,,,,,,,,,,,,,,,,,,,,,,,,,,,,,,,,,,,,,,,,,,,,,,,,,,,,,
E08000021,North East,Newcastle upon Tyne,0.0,2.8,2.8,14.9,6.9,5.9,62.0,89.7,11.4,34.6,105.2,752.2,903.4,21.8,70.7,903.4,995.9,,,,,,,,,,,,,,,,,,,,,,,,,,,,,,,,,,,,,,,,,,,,,,,,,,,,,,,,,
E08000022,North East,North Tyneside,0.0,0.0,0.0,10.6,1.0,30.0,53.3,94.9,17.1,18.6,80.3,602.8,718.9,11.6,83.3,718.9,813.8,,,,,,,,,,,,,,,,,,,,,,,,,,,,,,,,,,,,,,,,,,,,,,,,,,,,,,,,,
E08000023,North East,South Tyneside,0.1,0.0,0.1,7.8,1.4,16.1,31.7,57.0,5.6,27.1,38.2,442.0,512.9,9.3,47.8,512.9,570.0,,,,,,,,,,,,,,,,,,,,,,,,,,,,,,,,,,,,,,,,,,,,,,,,,,,,,,,,,
E08000024,North East,Sunderland,3.9,0.0,3.9,12.4,0.5,37.0,57.7,107.6,15.4,33.1,115.1,899.4,"1,063.0",16.8,94.7,"1,063.0","1,174.5",,,,,,,,,,,,,,,,,,,,,,,,,,,,,,,,,,,,,,,,,,,,,,,,,,,,,,,,,
E06000008,North West,Blackburn with Darwen UA,8.0,0.0,8.0,0.0,0.0,16.8,39.0,55.8,7.1,11.5,91.0,385.1,494.6,8.0,55.8,494.6,558.4,,,,,,,,,,,,,,,,,,,,,,,,,,,,,,,,,,,,,,,,,,,,,,,,,,,,,,,,,
E06000009,North West,Blackpool UA,0.4,0.0,0.4,0.0,0.0,2.8,39.0,41.8,0.0,21.4,7.2,387.2,415.8,0.4,41.8,415.8,458.0,,,,,,,,,,,,,,,,,,,,,,,,,,,,,,,,,,,,,,,,,,,,,,,,,,,,,,,,,
E06000049,North West,Cheshire East UA,47.3,0.0,47.3,8.1,0.0,315.3,94.4,417.8,98.7,45.9,"1,336.0",984.3,"2,465.0",55.4,409.7,"2,465.0","2,930.1",,,,,,,,,,,,,,,,,,,,,,,,,,,,,,,,,,,,,,,,,,,,,,,,,,,,,,,,,
E06000050,North West,Cheshire West and Chester UA,41.0,0.0,41.0,30.5,2.0,216.8,71.0,320.3,109.7,32.3,"1,170.6",775.7,"2,088.3",73.5,287.8,"2,088.3","2,449.6",,,,,,,,,,,,,,,,,,,,,,,,,,,,,,,,,,,,,,,,,,,,,,,,,,,,,,,,,
E06000006,North West,Halton UA,6.4,0.0,6.4,0.0,0.0,27.3,28.4,55.7,2.9,13.8,93.1,422.6,532.6,6.4,55.7,532.6,594.7,,,,,,,,,,,,,,,,,,,,,,,,,,,,,,,,,,,,,,,,,,,,,,,,,,,,,,,,,
E06000007,North West,Warrington UA,34.8,0.0,34.8,0.0,0.0,56.3,59.1,115.4,26.4,9.2,218.4,597.7,851.9,34.8,115.4,851.9,"1,002.1",,,,,,,,,,,,,,,,,,,,,,,,,,,,,,,,,,,,,,,,,,,,,,,,,,,,,,,,,
E10000006,North West,Cumbria ,107.2,0.0,107.2,198.5,7.5,755.9,51.8,"1,013.7",569.5,17.0,"5,588.2",762.1,"6,936.8",313.2,807.7,"6,936.8","8,057.7",,,,,,,,,,,,,,,,,,,,,,,,,,,,,,,,,,,,,,,,,,,,,,,,,,,,,,,,,
E08000001,North West,Bolton,17.2,0.0,17.2,0.0,0.0,26.2,78.1,104.3,10.3,37.8,65.2,765.9,879.1,17.2,104.3,879.1,"1,000.6",,,,,,,,,,,,,,,,,,,,,,,,,,,,,,,,,,,,,,,,,,,,,,,,,,,,,,,,,
E08000002,North West,Bury,21.1,0.0,21.1,0.0,0.0,11.1,44.5,55.6,6.9,25.7,52.7,520.3,605.5,21.1,55.6,605.5,682.2,,,,,,,,,,,,,,,,,,,,,,,,,,,,,,,,,,,,,,,,,,,,,,,,,,,,,,,,,
E08000003,North West,Manchester,15.9,3.7,19.6,0.8,1.4,3.9,112.0,118.1,1.8,36.7,7.8,"1,207.7","1,254.0",18.1,119.6,"1,254.0","1,391.7",,,,,,,,,,,,,,,,,,,,,,,,,,,,,,,,,,,,,,,,,,,,,,,,,,,,,,,,,
E08000004,North West,Oldham ,8.3,0.0,8.3,0.1,4.4,34.7,60.1,99.3,7.7,25.8,70.1,617.7,721.2,12.8,94.8,721.2,828.8,,,,,,,,,,,,,,,,,,,,,,,,,,,,,,,,,,,,,,,,,,,,,,,,,,,,,,,,,
E08000005,North West,Rochdale,25.8,0.0,25.8,0.0,0.0,23.1,60.0,83.1,7.0,17.7,65.7,591.3,681.8,25.8,83.1,681.8,790.7,,,,,,,,,,,,,,,,,,,,,,,,,,,,,,,,,,,,,,,,,,,,,,,,,,,,,,,,,
E08000006,North West,Salford,28.0,0.0,28.0,0.0,0.0,13.2,76.8,90.0,0.4,32.2,26.3,636.5,695.5,28.0,90.0,695.5,813.5,,,,,,,,,,,,,,,,,,,,,,,,,,,,,,,,,,,,,,,,,,,,,,,,,,,,,,,,,
E08000007,North West,Stockport,12.9,0.0,12.9,0.0,0.0,20.8,72.9,93.7,4.5,34.7,58.0,803.8,901.1,12.9,93.7,901.1,"1,007.7",,,,,,,,,,,,,,,,,,,,,,,,,,,,,,,,,,,,,,,,,,,,,,,,,,,,,,,,,
E08000008,North West,Tameside,15.3,0.0,15.3,0.6,2.7,8.5,55.0,66.8,2.4,29.2,38.4,618.9,688.9,18.6,63.5,688.9,771.0,,,,,,,,,,,,,,,,,,,,,,,,,,,,,,,,,,,,,,,,,,,,,,,,,,,,,,,,,
E08000009,North West,Trafford,10.0,0.0,10.0,0.0,0.0,11.0,48.9,59.9,9.5,41.9,40.5,642.9,734.8,10.0,59.9,734.8,804.7,,,,,,,,,,,,,,,,,,,,,,,,,,,,,,,,,,,,,,,,,,,,,,,,,,,,,,,,,
E08000010,North West,Wigan,19.2,0.0,19.2,0.0,0.0,32.3,90.6,122.9,18.5,37.0,111.4,867.0,"1,033.9",19.2,122.9,"1,033.9","1,176.0",,,,,,,,,,,,,,,,,,,,,,,,,,,,,,,,,,,,,,,,,,,,,,,,,,,,,,,,,
E10000017,North West,Lancashire ,154.8,12.5,167.3,25.9,10.4,455.2,226.2,717.7,313.6,150.2,"2,883.6","2,856.7","6,204.0",191.1,693.9,"6,204.0","7,089.0",,,,,,,,,,,,,,,,,,,,,,,,,,,,,,,,,,,,,,,,,,,,,,,,,,,,,,,,,
E08000011,North West,Knowsley ,18.2,5.5,23.7,1.1,0.0,26.6,22.9,50.6,8.8,12.7,61.0,445.2,527.7,19.3,55.0,527.7,602.0,,,,,,,,,,,,,,,,,,,,,,,,,,,,,,,,,,,,,,,,,,,,,,,,,,,,,,,,,
E08000012,North West,Liverpool,0.0,1.0,1.0,0.0,0.0,2.9,122.8,125.7,0.5,37.4,23.9,"1,250.3","1,312.1",0.0,126.7,"1,312.1","1,438.8",,,,,,,,,,,,,,,,,,,,,,,,,,,,,,,,,,,,,,,,,,,,,,,,,,,,,,,,,
E08000014,North West,Sefton,8.2,0.0,8.2,0.9,6.3,19.2,62.9,89.3,12.4,29.2,98.3,758.4,898.4,15.4,82.1,898.4,995.9,,,,,,,,,,,,,,,,,,,,,,,,,,,,,,,,,,,,,,,,,,,,,,,,,,,,,,,,,
E08000013,North West,St. Helens,14.0,0.0,14.0,0.0,0.0,42.2,42.1,84.3,23.9,17.2,97.1,507.4,645.5,14.0,84.3,645.5,743.8,,,,,,,,,,,,,,,,,,,,,,,,,,,,,,,,,,,,,,,,,,,,,,,,,,,,,,,,,
E08000015,North West,Wirral,20.0,0.0,20.0,0.0,0.0,30.4,78.2,108.6,18.9,47.8,80.6,941.2,"1,088.6",20.0,108.6,"1,088.6","1,217.2",,,,,,,,,,,,,,,,,,,,,,,,,,,,,,,,,,,,,,,,,,,,,,,,,,,,,,,,,
E06000011,Yorkshire and The Humber,East Riding of Yorkshire UA,35.8,0.0,35.8,15.5,4.0,341.2,13.6,374.3,291.8,37.1,"2,185.4",561.1,"3,075.4",55.3,354.8,"3,075.4","3,485.5",,,,,,,,,,,,,,,,,,,,,,,,,,,,,,,,,,,,,,,,,,,,,,,,,,,,,,,,,
E06000010,Yorkshire and The Humber,"Kingston upon Hull, City of UA",0.0,0.0,0.0,3.0,11.0,0.8,34.5,49.3,0.0,10.4,29.1,686.5,726.1,14.0,35.3,726.1,775.4,,,,,,,,,,,,,,,,,,,,,,,,,,,,,,,,,,,,,,,,,,,,,,,,,,,,,,,,,
E06000012,Yorkshire and The Humber,North East Lincolnshire UA,0.0,0.0,0.0,12.6,0.9,39.9,34.7,88.1,19.6,12.3,153.4,386.8,572.0,13.5,74.6,572.0,660.1,,,,,,,,,,,,,,,,,,,,,,,,,,,,,,,,,,,,,,,,,,,,,,,,,,,,,,,,,
E06000013,Yorkshire and The Humber,North Lincolnshire UA,39.0,0.0,39.0,10.7,2.6,139.1,15.8,168.2,152.5,10.9,767.9,281.7,"1,213.0",52.3,154.9,"1,213.0","1,420.2",,,,,,,,,,,,,,,,,,,,,,,,,,,,,,,,,,,,,,,,,,,,,,,,,,,,,,,,,
E06000014,Yorkshire and The Humber,York UA,0.0,0.0,0.0,24.9,0.0,47.9,27.0,99.8,25.2,5.4,271.1,415.3,717.1,24.9,74.9,717.1,816.9,,,,,,,,,,,,,,,,,,,,,,,,,,,,,,,,,,,,,,,,,,,,,,,,,,,,,,,,,
E10000023,Yorkshire and The Humber,North Yorkshire ,99.2,0.0,99.2,128.2,0.3,855.1,67.0,"1,050.6",619.7,33.4,"6,566.3",834.5,"8,053.9",227.7,922.1,"8,053.9","9,203.7",,,,,,,,,,,,,,,,,,,,,,,,,,,,,,,,,,,,,,,,,,,,,,,,,,,,,,,,,
E08000016,Yorkshire and The Humber,Barnsley,17.3,0.0,17.3,21.9,0.0,87.3,43.6,152.8,31.7,42.2,327.3,644.9,"1,046.1",39.2,130.9,"1,046.1","1,216.2",,,,,,,,,,,,,,,,,,,,,,,,,,,,,,,,,,,,,,,,,,,,,,,,,,,,,,,,,
E08000017,Yorkshire and The Humber,Doncaster,61.7,0.0,61.7,5.7,0.4,110.1,50.7,166.9,42.4,13.2,576.5,821.3,"1,453.5",67.8,160.8,"1,453.5","1,682.1",,,,,,,,,,,,,,,,,,,,,,,,,,,,,,,,,,,,,,,,,,,,,,,,,,,,,,,,,
E08000018,Yorkshire and The Humber,Rotherham ,27.1,0.0,27.1,0.0,0.0,48.3,63.2,111.5,61.5,33.5,302.2,691.5,"1,088.7",27.1,111.5,"1,088.7","1,227.3",,,,,,,,,,,,,,,,,,,,,,,,,,,,,,,,,,,,,,,,,,,,,,,,,,,,,,,,,
E08000019,Yorkshire and The Humber,Sheffield,10.3,0.0,10.3,4.5,1.2,44.9,102.2,152.8,16.7,83.0,265.5,"1,438.3","1,803.5",16.0,147.1,"1,803.5","1,966.6",,,,,,,,,,,,,,,,,,,,,,,,,,,,,,,,,,,,,,,,,,,,,,,,,,,,,,,,,
E08000032,Yorkshire and The Humber,Bradford,2.7,0.0,2.7,0.0,0.0,50.4,102.5,152.9,31.1,47.3,368.8,"1,345.7","1,792.8",2.7,152.9,"1,792.8","1,948.4",,,,,,,,,,,,,,,,,,,,,,,,,,,,,,,,,,,,,,,,,,,,,,,,,,,,,,,,,
E08000033,Yorkshire and The Humber,Calderdale,12.3,0.0,12.3,0.0,0.0,69.8,68.5,138.3,27.3,8.9,400.0,562.0,998.2,12.3,138.3,998.2,"1,148.8",,,,,,,,,,,,,,,,,,,,,,,,,,,,,,,,,,,,,,,,,,,,,,,,,,,,,,,,,
E08000034,Yorkshire and The Humber,Kirklees ,23.0,0.0,23.0,0.0,0.0,88.7,121.4,210.1,46.5,43.8,468.7,"1,125.2","1,684.1",23.0,210.1,"1,684.1","1,917.2",,,,,,,,,,,,,,,,,,,,,,,,,,,,,,,,,,,,,,,,,,,,,,,,,,,,,,,,,
E08000035,Yorkshire and The Humber,Leeds,76.9,3.5,80.4,2.9,1.1,131.2,177.8,313.0,13.8,64.5,485.4,"2,106.6","2,670.4",80.9,312.5,"2,670.4","3,063.8",,,,,,,,,,,,,,,,,,,,,,,,,,,,,,,,,,,,,,,,,,,,,,,,,,,,,,,,,
E08000036,Yorkshire and The Humber,Wakefield,36.2,0.0,36.2,11.1,0.0,96.1,67.8,175.0,57.2,31.6,426.3,865.2,"1,380.2",47.3,163.9,"1,380.2","1,591.4",,,,,,,,,,,,,,,,,,,,,,,,,,,,,,,,,,,,,,,,,,,,,,,,,,,,,,,,,
E06000015,East Midlands,Derby UA,0.0,0.0,0.0,10.1,7.3,9.0,48.3,74.7,0.5,5.7,36.5,661.5,704.3,17.4,57.3,704.3,779.0,,,,,,,,,,,,,,,,,,,,,,,,,,,,,,,,,,,,,,,,,,,,,,,,,,,,,,,,,
E06000016,East Midlands,Leicester UA,0.0,0.0,0.0,3.4,0.0,9.6,59.2,72.2,1.7,12.9,21.4,724.5,760.4,3.4,68.8,760.4,832.6,,,,,,,,,,,,,,,,,,,,,,,,,,,,,,,,,,,,,,,,,,,,,,,,,,,,,,,,,
E06000018,East Midlands,Nottingham UA,0.3,0.0,0.3,4.1,7.4,3.4,63.0,77.9,0.6,24.3,12.4,696.9,734.2,11.8,66.4,734.2,812.4,,,,,,,,,,,,,,,,,,,,,,,,,,,,,,,,,,,,,,,,,,,,,,,,,,,,,,,,,
E06000017,East Midlands,Rutland UA,0.0,0.0,0.0,18.1,0.4,76.3,0.7,95.5,31.7,5.1,386.4,38.9,462.1,18.5,77.0,462.1,557.6,,,,,,,,,,,,,,,,,,,,,,,,,,,,,,,,,,,,,,,,,,,,,,,,,,,,,,,,,
E10000007,East Midlands,Derbyshire ,37.0,0.0,37.0,91.7,4.9,490.7,136.8,724.1,366.0,103.2,"2,760.2","1,666.7","4,896.0",133.6,627.5,"4,896.0","5,657.1",,,,,,,,,,,,,,,,,,,,,,,,,,,,,,,,,,,,,,,,,,,,,,,,,,,,,,,,,
E10000018,East Midlands,Leicestershire ,85.3,0.0,85.3,81.7,1.1,289.1,64.6,436.5,192.1,41.9,"2,591.0","1,342.4","4,167.4",168.1,353.7,"4,167.4","4,689.2",,,,,,,,,,,,,,,,,,,,,,,,,,,,,,,,,,,,,,,,,,,,,,,,,,,,,,,,,
E10000019,East Midlands,Lincolnshire,0.0,0.0,0.0,62.8,1.2,978.0,85.2,"1,127.2",711.1,70.8,"5,969.4","1,115.5","7,866.7",64.0,"1,063.2","7,866.7","8,993.9",,,,,,,,,,,,,,,,,,,,,,,,,,,,,,,,,,,,,,,,,,,,,,,,,,,,,,,,,
E06000061,East Midlands,North Northamptonshire [Note 1],0.0,0.0,0.0,59.6,1.7,208.0,58.5,327.8,69.2,15.2,987.9,640.3,"1,712.5",61.3,266.5,"1,712.5","2,040.3",,,,,,,,,,,,,,,,,,,,,,,,,,,,,,,,,,,,,,,,,,,,,,,,,,,,,,,,,
E06000062,East Midlands,West Northamptonshire [Note 1],54.4,0.0,54.4,116.0,3.8,187.4,69.6,376.8,58.4,5.3,"1,501.0",723.9,"2,288.6",174.2,257.0,"2,288.6","2,719.8",,,,,,,,,,,,,,,,,,,,,,,,,,,,,,,,,,,,,,,,,,,,,,,,,,,,,,,,,
E10000024,East Midlands,Nottinghamshire ,22.9,0.0,22.9,136.1,8.4,397.7,89.8,632.0,173.8,103.2,"2,259.4","1,680.8","4,217.3",167.4,487.5,"4,217.3","4,872.2",,,,,,,,,,,,,,,,,,,,,,,,,,,,,,,,,,,,,,,,,,,,,,,,,,,,,,,,,
E06000019,West Midlands,"Herefordshire, County of UA",7.5,0.0,7.5,62.8,7.0,358.2,22.8,450.8,302.4,14.8,"2,331.9",245.8,"2,894.8",77.3,381.0,"2,894.8","3,353.1",,,,,,,,,,,,,,,,,,,,,,,,,,,,,,,,,,,,,,,,,,,,,,,,,,,,,,,,,
E06000051,West Midlands,Shropshire UA,12.4,0.0,12.4,121.8,1.7,407.2,32.7,563.4,531.3,28.3,"3,690.6",393.4,"4,643.6",135.9,439.9,"4,643.6","5,219.4",,,,,,,,,,,,,,,,,,,,,,,,,,,,,,,,,,,,,,,,,,,,,,,,,,,,,,,,,
E06000021,West Midlands,Stoke-on-Trent UA,0.0,0.0,0.0,5.2,12.9,9.5,79.1,106.7,1.6,19.1,38.4,717.0,776.1,18.1,88.6,776.1,882.8,,,,,,,,,,,,,,,,,,,,,,,,,,,,,,,,,,,,,,,,,,,,,,,,,,,,,,,,,
E06000020,West Midlands,Telford and Wrekin UA,12.4,0.0,12.4,4.4,0.0,67.0,16.7,88.1,51.0,20.0,361.4,550.6,982.9,16.8,83.7,982.9,"1,083.4",,,,,,,,,,,,,,,,,,,,,,,,,,,,,,,,,,,,,,,,,,,,,,,,,,,,,,,,,
E10000028,West Midlands,Staffordshire ,103.8,0.0,103.8,93.5,15.4,498.0,161.5,768.4,256.6,77.2,"3,276.5","1,893.6","5,504.0",212.7,659.5,"5,504.0","6,376.2",,,,,,,,,,,,,,,,,,,,,,,,,,,,,,,,,,,,,,,,,,,,,,,,,,,,,,,,,
E10000031,West Midlands,Warwickshire,148.1,0.0,148.1,89.8,4.2,326.9,67.8,488.7,373.2,54.9,"2,207.3",989.5,"3,624.9",242.1,394.7,"3,624.9","4,261.7",,,,,,,,,,,,,,,,,,,,,,,,,,,,,,,,,,,,,,,,,,,,,,,,,,,,,,,,,
E08000025,West Midlands,Birmingham,22.0,3.8,25.8,0.0,0.0,11.5,191.9,203.4,2.7,126.1,49.0,"2,169.8","2,347.5",22.0,207.2,"2,347.5","2,576.7",,,,,,,,,,,,,,,,,,,,,,,,,,,,,,,,,,,,,,,,,,,,,,,,,,,,,,,,,
E08000026,West Midlands,Coventry,3.5,0.0,3.5,5.1,1.6,16.5,37.5,60.7,8.4,50.6,54.7,726.3,839.9,10.2,54.0,839.9,904.1,,,,,,,,,,,,,,,,,,,,,,,,,,,,,,,,,,,,,,,,,,,,,,,,,,,,,,,,,
E08000027,West Midlands,Dudley ,5.5,0.0,5.5,0.0,0.0,5.4,89.3,94.7,3.2,41.8,19.5,872.8,937.3,5.5,94.7,937.3,"1,037.5",,,,,,,,,,,,,,,,,,,,,,,,,,,,,,,,,,,,,,,,,,,,,,,,,,,,,,,,,
E08000028,West Midlands,Sandwell ,18.1,0.0,18.1,0.0,0.5,4.2,82.8,87.5,0.0,38.4,6.5,758.3,803.2,18.6,87.0,803.2,908.8,,,,,,,,,,,,,,,,,,,,,,,,,,,,,,,,,,,,,,,,,,,,,,,,,,,,,,,,,
E08000029,West Midlands,Solihull,20.7,0.0,20.7,3.4,0.5,40.7,15.6,60.2,40.2,34.1,217.4,514.6,806.3,24.6,56.3,806.3,887.2,,,,,,,,,,,,,,,,,,,,,,,,,,,,,,,,,,,,,,,,,,,,,,,,,,,,,,,,,
E08000030,West Midlands,Walsall,9.2,0.0,9.2,2.2,0.9,13.5,66.8,83.4,6.0,35.2,56.9,687.2,785.4,12.3,80.3,785.4,878.0,,,,,,,,,,,,,,,,,,,,,,,,,,,,,,,,,,,,,,,,,,,,,,,,,,,,,,,,,
E08000031,West Midlands,Wolverhampton,0.0,0.0,0.0,0.0,0.0,1.3,63.9,65.2,0.0,13.4,10.4,697.2,721.0,0.0,65.2,721.0,786.2,,,,,,,,,,,,,,,,,,,,,,,,,,,,,,,,,,,,,,,,,,,,,,,,,,,,,,,,,
E10000034,West Midlands,Worcestershire ,78.0,0.0,78.0,21.7,0.6,386.5,92.2,501.0,303.6,86.4,"2,105.2","1,225.1","3,720.3",100.3,478.7,"3,720.3","4,299.3",,,,,,,,,,,,,,,,,,,,,,,,,,,,,,,,,,,,,,,,,,,,,,,,,,,,,,,,,
E06000055,East of England,Bedford UA ,0.0,0.0,0.0,29.0,2.0,61.5,23.0,115.5,22.5,7.1,534.4,267.0,830.9,31.0,84.5,830.9,946.4,,,,,,,,,,,,,,,,,,,,,,,,,,,,,,,,,,,,,,,,,,,,,,,,,,,,,,,,,
E06000056,East of England,Central Bedfordshire UA ,29.2,0.0,29.2,44.8,3.4,98.7,20.7,167.6,101.9,12.0,867.2,407.5,"1,388.6",77.4,119.4,"1,388.6","1,585.4",,,,,,,,,,,,,,,,,,,,,,,,,,,,,,,,,,,,,,,,,,,,,,,,,,,,,,,,,
E06000032,East of England,Luton UA,2.6,0.0,2.6,0.0,0.0,2.9,31.7,34.6,1.4,6.6,8.2,413.6,429.8,2.6,34.6,429.8,467.0,,,,,,,,,,,,,,,,,,,,,,,,,,,,,,,,,,,,,,,,,,,,,,,,,,,,,,,,,
E06000031,East of England,Peterborough UA,0.0,0.0,0.0,35.6,4.9,57.3,27.1,124.9,54.0,2.6,325.3,474.8,856.5,40.5,84.4,856.5,981.4,,,,,,,,,,,,,,,,,,,,,,,,,,,,,,,,,,,,,,,,,,,,,,,,,,,,,,,,,
E06000033,East of England,Southend-on-Sea UA,0.0,0.0,0.0,0.0,0.0,2.1,31.8,33.9,0.9,9.3,12.3,400.9,423.4,0.0,33.9,423.4,457.3,,,,,,,,,,,,,,,,,,,,,,,,,,,,,,,,,,,,,,,,,,,,,,,,,,,,,,,,,
E06000034,East of England,Thurrock UA,4.9,0.0,4.9,19.7,3.0,42.5,22.8,88.0,20.2,10.7,152.3,323.8,507.0,27.6,65.3,507.0,599.9,,,,,,,,,,,,,,,,,,,,,,,,,,,,,,,,,,,,,,,,,,,,,,,,,,,,,,,,,
E10000003,East of England,Cambridgeshire ,48.6,0.0,48.6,172.3,2.3,375.2,57.0,606.8,514.8,55.2,"2,754.7",868.0,"4,192.7",223.2,432.2,"4,192.7","4,848.1",,,,,,,,,,,,,,,,,,,,,,,,,,,,,,,,,,,,,,,,,,,,,,,,,,,,,,,,,
E10000012,East of England,Essex ,77.3,0.0,77.3,139.9,8.2,352.5,147.0,647.6,632.2,151.4,"4,053.7","2,768.5","7,605.7",225.4,499.5,"7,605.7","8,330.6",,,,,,,,,,,,,,,,,,,,,,,,,,,,,,,,,,,,,,,,,,,,,,,,,,,,,,,,,
E10000015,East of England,Hertfordshire,102.7,0.0,102.7,12.3,0.4,308.5,189.8,511.0,236.0,101.0,"1,680.1","2,422.6","4,439.8",115.4,498.3,"4,439.8","5,053.5",,,,,,,,,,,,,,,,,,,,,,,,,,,,,,,,,,,,,,,,,,,,,,,,,,,,,,,,,
E10000020,East of England,Norfolk,0.0,0.0,0.0,175.6,9.9,672.6,101.9,960.0,610.9,32.2,"7,112.9","1,300.4","9,056.3",185.5,774.5,"9,056.3","10,016.3",,,,,,,,,,,,,,,,,,,,,,,,,,,,,,,,,,,,,,,,,,,,,,,,,,,,,,,,,
E10000029,East of England,Suffolk,0.0,0.0,0.0,124.3,11.4,480.1,103.3,719.1,682.3,60.1,"4,282.5","1,264.3","6,289.2",135.7,583.4,"6,289.2","7,008.3",,,,,,,,,,,,,,,,,,,,,,,,,,,,,,,,,,,,,,,,,,,,,,,,,,,,,,,,,
E09000007,London,Camden,0.0,0.0,0.0,0.0,0.0,0.0,38.6,38.6,0.0,20.1,0.0,220.1,240.2,0.0,38.6,240.2,278.8,,,,,,,,,,,,,,,,,,,,,,,,,,,,,,,,,,,,,,,,,,,,,,,,,,,,,,,,,
E09000001,London,City of London,0.0,0.0,0.0,0.0,0.0,0.0,12.4,12.4,0.0,1.1,0.0,41.9,43.0,0.0,12.4,43.0,55.4,,,,,,,,,,,,,,,,,,,,,,,,,,,,,,,,,,,,,,,,,,,,,,,,,,,,,,,,,
E09000012,London,Hackney,0.0,0.0,0.0,0.0,0.0,0.9,35.0,35.9,0.7,11.5,2.2,220.2,234.5,0.0,35.9,234.5,270.4,,,,,,,,,,,,,,,,,,,,,,,,,,,,,,,,,,,,,,,,,,,,,,,,,,,,,,,,,
E09000013,London,Hammersmith and Fulham,0.0,0.0,0.0,0.0,0.0,0.0,32.2,32.2,0.0,4.7,0.0,183.0,187.7,0.0,32.2,187.7,219.9,,,,,,,,,,,,,,,,,,,,,,,,,,,,,,,,,,,,,,,,,,,,,,,,,,,,,,,,,
E09000014,London,Haringey,0.0,0.0,0.0,0.0,0.0,0.0,38.7,38.7,0.0,20.3,0.0,297.2,317.6,0.0,38.7,317.6,356.3,,,,,,,,,,,,,,,,,,,,,,,,,,,,,,,,,,,,,,,,,,,,,,,,,,,,,,,,,
E09000019,London,Islington,0.0,0.0,0.0,0.0,0.0,0.0,38.5,38.5,0.0,7.4,0.0,192.0,199.4,0.0,38.5,199.4,237.9,,,,,,,,,,,,,,,,,,,,,,,,,,,,,,,,,,,,,,,,,,,,,,,,,,,,,,,,,
E09000020,London,Kensington and Chelsea,0.0,0.0,0.0,0.0,0.0,0.0,32.2,32.2,0.0,10.2,0.0,164.2,174.4,0.0,32.2,174.4,206.6,,,,,,,,,,,,,,,,,,,,,,,,,,,,,,,,,,,,,,,,,,,,,,,,,,,,,,,,,
E09000022,London,Lambeth,0.0,0.0,0.0,0.0,0.0,0.0,54.9,54.9,0.0,12.3,0.0,309.8,322.1,0.0,54.9,322.1,377.0,,,,,,,,,,,,,,,,,,,,,,,,,,,,,,,,,,,,,,,,,,,,,,,,,,,,,,,,,
E09000023,London,Lewisham,0.0,0.0,0.0,0.0,0.0,0.0,38.6,38.6,0.0,18.9,0.0,389.2,408.2,0.0,38.6,408.2,446.8,,,,,,,,,,,,,,,,,,,,,,,,,,,,,,,,,,,,,,,,,,,,,,,,,,,,,,,,,
E09000025,London,Newham,0.0,0.0,0.0,0.0,0.0,6.5,47.9,54.4,0.0,13.6,15.6,345.9,375.1,0.0,54.4,375.1,429.5,,,,,,,,,,,,,,,,,,,,,,,,,,,,,,,,,,,,,,,,,,,,,,,,,,,,,,,,,
E09000028,London,Southwark,0.0,0.0,0.0,0.0,0.0,0.0,55.2,55.2,0.0,17.2,0.0,318.5,335.8,0.0,55.2,335.8,391.0,,,,,,,,,,,,,,,,,,,,,,,,,,,,,,,,,,,,,,,,,,,,,,,,,,,,,,,,,
E09000030,London,Tower Hamlets,0.0,0.0,0.0,0.0,0.0,0.0,41.6,41.6,0.0,22.3,0.0,222.5,244.8,0.0,41.6,244.8,286.4,,,,,,,,,,,,,,,,,,,,,,,,,,,,,,,,,,,,,,,,,,,,,,,,,,,,,,,,,
E09000032,London,Wandsworth,0.0,0.0,0.0,0.0,0.0,0.0,56.7,56.7,0.0,15.3,0.0,359.9,375.2,0.0,56.7,375.2,431.9,,,,,,,,,,,,,,,,,,,,,,,,,,,,,,,,,,,,,,,,,,,,,,,,,,,,,,,,,
E09000033,London,Westminster,0.0,0.0,0.0,0.0,0.0,0.0,60.2,60.2,0.0,18.7,0.0,258.3,277.0,0.0,60.2,277.0,337.2,,,,,,,,,,,,,,,,,,,,,,,,,,,,,,,,,,,,,,,,,,,,,,,,,,,,,,,,,
E09000002,London,Barking and Dagenham,0.0,0.0,0.0,0.0,0.0,2.2,35.1,37.3,0.0,2.9,9.7,290.7,303.3,0.0,37.3,303.3,340.6,,,,,,,,,,,,,,,,,,,,,,,,,,,,,,,,,,,,,,,,,,,,,,,,,,,,,,,,,
E09000003,London,Barnet,12.0,0.0,12.0,0.0,0.0,8.8,88.4,97.2,1.2,17.8,6.4,630.2,655.6,12.0,97.2,655.6,764.8,,,,,,,,,,,,,,,,,,,,,,,,,,,,,,,,,,,,,,,,,,,,,,,,,,,,,,,,,
E09000004,London,Bexley,0.0,0.0,0.0,0.0,0.0,9.2,60.2,69.4,1.5,10.8,10.1,459.3,481.7,0.0,69.4,481.7,551.1,,,,,,,,,,,,,,,,,,,,,,,,,,,,,,,,,,,,,,,,,,,,,,,,,,,,,,,,,
E09000005,London,Brent,0.0,0.0,0.0,0.0,0.0,0.0,55.9,55.9,0.0,15.0,0.0,418.4,433.3,0.0,55.9,433.3,489.2,,,,,,,,,,,,,,,,,,,,,,,,,,,,,,,,,,,,,,,,,,,,,,,,,,,,,,,,,
E09000006,London,Bromley,0.0,0.0,0.0,0.0,0.0,17.3,72.7,90.0,4.1,24.2,93.0,692.8,814.0,0.0,90.0,814.0,904.0,,,,,,,,,,,,,,,,,,,,,,,,,,,,,,,,,,,,,,,,,,,,,,,,,,,,,,,,,
E09000008,London,Croydon,0.0,0.0,0.0,0.0,0.0,2.2,75.9,78.1,0.7,27.4,12.1,658.9,699.1,0.0,78.1,699.1,777.2,,,,,,,,,,,,,,,,,,,,,,,,,,,,,,,,,,,,,,,,,,,,,,,,,,,,,,,,,
E09000009,London,Ealing,0.0,0.0,0.0,0.0,0.0,0.0,55.1,55.1,0.0,25.6,0.0,507.5,533.0,0.0,55.1,533.0,588.1,,,,,,,,,,,,,,,,,,,,,,,,,,,,,,,,,,,,,,,,,,,,,,,,,,,,,,,,,
E09000010,London,Enfield,11.2,0.0,11.2,0.0,0.0,13.1,67.4,80.5,0.0,6.4,18.2,519.9,544.5,11.2,80.5,544.5,636.2,,,,,,,,,,,,,,,,,,,,,,,,,,,,,,,,,,,,,,,,,,,,,,,,,,,,,,,,,
E09000011,London,Greenwich,0.0,0.0,0.0,0.0,0.0,0.0,68.5,68.5,0.0,12.6,0.0,423.6,436.2,0.0,68.5,436.2,504.7,,,,,,,,,,,,,,,,,,,,,,,,,,,,,,,,,,,,,,,,,,,,,,,,,,,,,,,,,
E09000015,London,Harrow,1.0,0.0,1.0,0.0,0.0,0.9,39.8,40.7,0.0,1.8,3.6,427.2,432.6,1.0,40.7,432.6,474.3,,,,,,,,,,,,,,,,,,,,,,,,,,,,,,,,,,,,,,,,,,,,,,,,,,,,,,,,,
E09000016,London,Havering,11.8,0.0,11.8,0.0,0.0,17.8,33.2,51.0,10.7,13.6,53.4,520.3,597.9,11.8,51.0,597.9,660.7,,,,,,,,,,,,,,,,,,,,,,,,,,,,,,,,,,,,,,,,,,,,,,,,,,,,,,,,,
E09000017,London,Hillingdon,10.5,0.0,10.5,1.4,0.2,7.9,63.3,72.8,0.2,18.6,50.7,610.7,680.2,12.1,71.2,680.2,763.5,,,,,,,,,,,,,,,,,,,,,,,,,,,,,,,,,,,,,,,,,,,,,,,,,,,,,,,,,
E09000018,London,Hounslow,9.8,0.0,9.8,0.0,0.0,3.3,69.2,72.5,1.7,12.5,8.4,396.9,419.5,9.8,72.5,419.5,501.8,,,,,,,,,,,,,,,,,,,,,,,,,,,,,,,,,,,,,,,,,,,,,,,,,,,,,,,,,
E09000021,London,Kingston upon Thames,0.0,0.0,0.0,0.0,0.0,3.3,41.4,44.7,1.8,6.6,1.3,290.0,299.8,0.0,44.7,299.8,344.5,,,,,,,,,,,,,,,,,,,,,,,,,,,,,,,,,,,,,,,,,,,,,,,,,,,,,,,,,
E09000024,London,Merton,0.0,0.0,0.0,0.0,0.0,0.0,42.4,42.4,0.0,20.1,0.0,315.5,335.6,0.0,42.4,335.6,378.0,,,,,,,,,,,,,,,,,,,,,,,,,,,,,,,,,,,,,,,,,,,,,,,,,,,,,,,,,
E09000026,London,Redbridge,4.0,0.0,4.0,0.0,0.0,12.9,45.1,58.0,0.8,6.7,16.2,448.6,472.3,4.0,58.0,472.3,534.3,,,,,,,,,,,,,,,,,,,,,,,,,,,,,,,,,,,,,,,,,,,,,,,,,,,,,,,,,
E09000027,London,Richmond upon Thames,0.0,0.0,0.0,0.0,0.0,8.0,54.7,62.7,3.1,20.6,7.5,318.9,350.1,0.0,62.7,350.1,412.8,,,,,,,,,,,,,,,,,,,,,,,,,,,,,,,,,,,,,,,,,,,,,,,,,,,,,,,,,
E09000029,London,Sutton,0.0,0.0,0.0,0.0,0.0,0.0,29.6,29.6,0.0,28.4,0.0,375.4,403.8,0.0,29.6,403.8,433.4,,,,,,,,,,,,,,,,,,,,,,,,,,,,,,,,,,,,,,,,,,,,,,,,,,,,,,,,,
E09000031,London,Waltham Forest,0.0,0.0,0.0,0.0,0.0,10.9,44.3,55.2,0.1,14.1,8.9,345.7,368.7,0.0,55.2,368.7,423.9,,,,,,,,,,,,,,,,,,,,,,,,,,,,,,,,,,,,,,,,,,,,,,,,,,,,,,,,,
E06000036,South East,Bracknell Forest UA,0.9,0.0,0.9,0.0,0.0,31.1,20.1,51.2,25.8,16.9,71.6,314.6,429.0,0.9,51.2,429.0,481.1,,,,,,,,,,,,,,,,,,,,,,,,,,,,,,,,,,,,,,,,,,,,,,,,,,,,,,,,,
E06000043,South East,Brighton and Hove UA,0.0,0.0,0.0,14.2,0.2,7.6,38.7,60.7,2.6,20.4,28.8,509.3,561.0,14.4,46.3,561.0,621.7,,,,,,,,,,,,,,,,,,,,,,,,,,,,,,,,,,,,,,,,,,,,,,,,,,,,,,,,,
E06000046,South East,Isle of Wight UA,0.0,0.0,0.0,0.0,0.0,94.8,27.6,122.4,70.1,22.8,413.6,254.5,761.1,0.0,122.4,761.1,883.5,,,,,,,,,,,,,,,,,,,,,,,,,,,,,,,,,,,,,,,,,,,,,,,,,,,,,,,,,
E06000035,South East,Medway UA,8.6,0.0,8.6,0.0,0.0,31.0,37.7,68.7,13.1,11.6,214.0,547.0,785.7,8.6,68.7,785.7,863.0,,,,,,,,,,,,,,,,,,,,,,,,,,,,,,,,,,,,,,,,,,,,,,,,,,,,,,,,,
E06000042,South East,Milton Keynes UA,16.8,0.0,16.8,17.6,1.3,59.2,10.9,89.0,23.7,8.4,415.0,771.3,"1,218.4",35.7,70.1,"1,218.4","1,324.2",,,,,,,,,,,,,,,,,,,,,,,,,,,,,,,,,,,,,,,,,,,,,,,,,,,,,,,,,
E06000044,South East,Portsmouth UA,7.1,2.4,9.5,2.7,1.5,7.6,39.0,50.8,5.0,9.4,16.9,367.3,398.6,11.3,49.0,398.6,458.9,,,,,,,,,,,,,,,,,,,,,,,,,,,,,,,,,,,,,,,,,,,,,,,,,,,,,,,,,
E06000038,South East,Reading UA,1.1,0.0,1.1,0.0,0.0,2.9,34.0,36.9,1.2,8.4,11.4,338.7,359.7,1.1,36.9,359.7,397.7,,,,,,,,,,,,,,,,,,,,,,,,,,,,,,,,,,,,,,,,,,,,,,,,,,,,,,,,,
E06000039,South East,Slough UA,9.3,0.0,9.3,0.0,0.0,4.4,18.3,22.7,0.8,4.8,13.1,272.5,291.1,9.3,22.7,291.1,323.1,,,,,,,,,,,,,,,,,,,,,,,,,,,,,,,,,,,,,,,,,,,,,,,,,,,,,,,,,
E06000045,South East,Southampton UA,2.5,0.0,2.5,0.0,0.0,3.2,54.3,57.5,0.5,2.7,10.0,511.4,524.6,2.5,57.5,524.6,584.6,,,,,,,,,,,,,,,,,,,,,,,,,,,,,,,,,,,,,,,,,,,,,,,,,,,,,,,,,
E06000037,South East,West Berkshire UA,44.5,0.0,44.5,26.0,0.0,83.4,21.7,131.1,68.8,5.8,878.0,286.8,"1,239.5",70.5,105.1,"1,239.5","1,415.1",,,,,,,,,,,,,,,,,,,,,,,,,,,,,,,,,,,,,,,,,,,,,,,,,,,,,,,,,
E06000040,South East,Windsor and Maidenhead UA,20.8,0.0,20.8,7.8,0.2,36.9,37.2,82.1,38.5,29.4,149.5,364.0,581.5,28.8,74.1,581.5,684.4,,,,,,,,,,,,,,,,,,,,,,,,,,,,,,,,,,,,,,,,,,,,,,,,,,,,,,,,,
E06000041,South East,Wokingham UA,12.7,8.2,20.9,0.0,0.0,50.5,25.4,75.9,40.3,20.2,258.6,388.2,707.3,12.7,84.1,707.3,804.1,,,,,,,,,,,,,,,,,,,,,,,,,,,,,,,,,,,,,,,,,,,,,,,,,,,,,,,,,
E06000060,South East,Buckinghamshire ,60.9,0.0,60.9,6.0,0.6,262.0,89.1,357.7,128.1,25.1,"1,823.5",948.6,"2,925.2",67.5,351.1,"2,925.2","3,343.8",,,,,,,,,,,,,,,,,,,,,,,,,,,,,,,,,,,,,,,,,,,,,,,,,,,,,,,,,
E10000011,South East,East Sussex ,0.0,0.0,0.0,88.7,9.2,269.5,87.3,454.7,228.0,48.5,"1,618.4","1,074.9","2,969.8",97.9,356.8,"2,969.8","3,424.5",,,,,,,,,,,,,,,,,,,,,,,,,,,,,,,,,,,,,,,,,,,,,,,,,,,,,,,,,
E10000014,South East,Hampshire ,128.0,0.0,128.0,135.3,7.7,528.7,151.4,823.1,444.4,127.8,"4,316.7","3,218.1","8,107.0",271.0,680.1,"8,107.0","9,058.1",,,,,,,,,,,,,,,,,,,,,,,,,,,,,,,,,,,,,,,,,,,,,,,,,,,,,,,,,
E10000016,South East,Kent ,164.5,0.0,164.5,163.0,15.3,584.5,223.4,986.2,328.4,110.1,"5,046.9","2,647.5","8,132.9",342.8,807.9,"8,132.9","9,283.6",,,,,,,,,,,,,,,,,,,,,,,,,,,,,,,,,,,,,,,,,,,,,,,,,,,,,,,,,
E10000025,South East,Oxfordshire,56.6,0.0,56.6,46.8,1.9,519.5,77.7,645.9,417.1,49.6,"2,569.3","1,103.0","4,139.0",105.3,597.2,"4,139.0","4,841.5",,,,,,,,,,,,,,,,,,,,,,,,,,,,,,,,,,,,,,,,,,,,,,,,,,,,,,,,,
E10000030,South East,Surrey,102.4,0.0,102.4,52.9,9.1,307.0,255.0,624.0,199.7,180.9,"1,705.2","2,731.2","4,817.0",164.4,562.0,"4,817.0","5,543.4",,,,,,,,,,,,,,,,,,,,,,,,,,,,,,,,,,,,,,,,,,,,,,,,,,,,,,,,,
E10000032,South East,West Sussex,12.8,0.0,12.8,75.1,13.0,376.4,104.9,569.4,256.6,79.3,"1,816.6","1,608.4","3,760.9",100.9,481.3,"3,760.9","4,343.1",,,,,,,,,,,,,,,,,,,,,,,,,,,,,,,,,,,,,,,,,,,,,,,,,,,,,,,,,
E06000022,South West,Bath and North East Somerset UA,0.0,0.0,0.0,14.3,2.6,78.9,38.6,134.4,37.3,11.0,529.5,373.0,950.8,16.9,117.5,950.8,"1,085.2",,,,,,,,,,,,,,,,,,,,,,,,,,,,,,,,,,,,,,,,,,,,,,,,,,,,,,,,,
E06000058,South West,"Bournemouth, Christchurch and Poole UA",0.0,0.0,0.0,3.0,0.3,24.0,74.2,101.5,10.7,48.0,52.8,"1,057.5","1,169.0",3.3,98.2,"1,169.0","1,270.5",,,,,,,,,,,,,,,,,,,,,,,,,,,,,,,,,,,,,,,,,,,,,,,,,,,,,,,,,
E06000023,South West,"Bristol, City of UA",13.9,0.0,13.9,0.0,0.9,15.8,79.3,96.0,4.8,51.6,31.5,968.3,"1,056.2",14.8,95.1,"1,056.2","1,166.1",,,,,,,,,,,,,,,,,,,,,,,,,,,,,,,,,,,,,,,,,,,,,,,,,,,,,,,,,
E06000052,South West,Cornwall UA ,0.0,0.0,0.0,153.2,2.4,498.8,46.8,701.2,558.4,24.4,"5,477.0",699.1,"6,758.8",155.6,545.6,"6,758.8","7,460.0",,,,,,,,,,,,,,,,,,,,,,,,,,,,,,,,,,,,,,,,,,,,,,,,,,,,,,,,,
E06000053,South West,Isles of Scilly UA,0.0,0.0,0.0,0.0,0.0,7.8,0.0,7.8,0.0,0.0,26.4,0.0,26.4,0.0,7.8,26.4,34.2,,,,,,,,,,,,,,,,,,,,,,,,,,,,,,,,,,,,,,,,,,,,,,,,,,,,,,,,,
E06000024,South West,North Somerset UA,29.2,0.0,29.2,0.0,0.0,82.1,15.9,98.0,56.0,28.8,458.4,509.3,"1,052.3",29.2,98.0,"1,052.3","1,179.5",,,,,,,,,,,,,,,,,,,,,,,,,,,,,,,,,,,,,,,,,,,,,,,,,,,,,,,,,
E06000026,South West,Plymouth UA,0.0,0.0,0.0,8.2,5.0,5.9,26.8,45.9,4.6,32.3,49.3,707.4,793.7,13.2,32.7,793.7,839.6,,,,,,,,,,,,,,,,,,,,,,,,,,,,,,,,,,,,,,,,,,,,,,,,,,,,,,,,,
E06000025,South West,South Gloucestershire UA,74.4,0.0,74.4,8.1,0.0,71.7,47.5,127.3,90.9,26.5,615.8,676.6,"1,409.8",82.5,119.2,"1,409.8","1,611.5",,,,,,,,,,,,,,,,,,,,,,,,,,,,,,,,,,,,,,,,,,,,,,,,,,,,,,,,,
E06000030,South West,Swindon UA,15.3,0.0,15.3,13.1,2.0,33.6,23.4,72.1,39.6,38.3,254.3,522.7,854.8,30.4,57.0,854.8,942.2,,,,,,,,,,,,,,,,,,,,,,,,,,,,,,,,,,,,,,,,,,,,,,,,,,,,,,,,,
E06000027,South West,Torbay UA,0.0,0.0,0.0,0.0,0.0,17.7,28.7,46.4,0.5,8.0,57.2,418.2,483.9,0.0,46.4,483.9,530.3,,,,,,,,,,,,,,,,,,,,,,,,,,,,,,,,,,,,,,,,,,,,,,,,,,,,,,,,,
E06000054,South West,Wiltshire UA ,35.0,0.0,35.0,120.2,5.9,485.5,64.2,675.8,294.3,26.7,"3,057.5",757.0,"4,135.4",161.1,549.7,"4,135.4","4,846.2",,,,,,,,,,,,,,,,,,,,,,,,,,,,,,,,,,,,,,,,,,,,,,,,,,,,,,,,,
E10000008,South West,Devon ,38.7,0.0,38.7,176.9,4.9,881.4,73.6,"1,136.8",610.7,44.7,"10,031.3","1,176.5","11,863.2",220.5,955.0,"11,863.2","13,038.7",,,,,,,,,,,,,,,,,,,,,,,,,,,,,,,,,,,,,,,,,,,,,,,,,,,,,,,,,
E06000059,South West,Dorset UA,0.0,0.0,0.0,89.1,3.6,323.0,20.3,436.0,319.6,64.4,"2,638.4",637.6,"3,660.0",92.7,343.3,"3,660.0","4,096.0",,,,,,,,,,,,,,,,,,,,,,,,,,,,,,,,,,,,,,,,,,,,,,,,,,,,,,,,,
E10000013,South West,Gloucestershire ,68.9,0.0,68.9,61.0,2.3,449.8,92.6,605.7,345.2,55.9,"3,229.7","1,328.7","4,959.5",132.2,542.4,"4,959.5","5,634.1",,,,,,,,,,,,,,,,,,,,,,,,,,,,,,,,,,,,,,,,,,,,,,,,,,,,,,,,,
E10000027,South West,Somerset,52.5,0.0,52.5,70.5,0.0,573.8,73.2,717.5,430.1,28.1,"4,762.8",841.3,"6,062.3",123.0,647.0,"6,062.3","6,832.3",,,,,,,,,,,,,,,,,,,,,,,,,,,,,,,,,,,,,,,,,,,,,,,,,,,,,,,,,
W06000001,Wales,Isle of Anglesey,0.0,0.0,0.0,34.9,0.9,136.8,2.3,174.9,124.3,0.8,874.8,40.2,"1,040.1",35.8,139.1,"1,040.1","1,215.0",,,,,,,,,,,,,,,,,,,,,,,,,,,,,,,,,,,,,,,,,,,,,,,,,,,,,,,,,
W06000002,Wales,Gwynedd,0.0,0.0,0.0,207.9,0.4,301.3,5.7,515.3,201.1,0.2,"1,735.1",46.1,"1,982.4",208.3,307.0,"1,982.4","2,497.7",,,,,,,,,,,,,,,,,,,,,,,,,,,,,,,,,,,,,,,,,,,,,,,,,,,,,,,,,
W06000003,Wales,Conwy,0.0,0.0,0.0,116.3,5.6,85.8,26.3,234.0,158.5,13.5,939.4,300.8,"1,412.3",121.9,112.1,"1,412.3","1,646.3",,,,,,,,,,,,,,,,,,,,,,,,,,,,,,,,,,,,,,,,,,,,,,,,,,,,,,,,,
W06000004,Wales,Denbighshire,0.0,0.0,0.0,73.4,0.0,119.1,14.6,207.1,134.3,7.0,932.5,154.6,"1,228.4",73.4,133.7,"1,228.4","1,435.5",,,,,,,,,,,,,,,,,,,,,,,,,,,,,,,,,,,,,,,,,,,,,,,,,,,,,,,,,
W06000005,Wales,Flintshire,0.0,0.0,0.0,45.9,4.6,118.1,28.4,197.0,49.7,26.2,665.0,350.2,"1,091.0",50.5,146.5,"1,091.0","1,288.0",,,,,,,,,,,,,,,,,,,,,,,,,,,,,,,,,,,,,,,,,,,,,,,,,,,,,,,,,
W06000006,Wales,Wrexham,0.0,0.0,0.0,28.4,2.0,80.9,18.3,129.6,121.6,26.6,648.6,289.1,"1,085.9",30.4,99.2,"1,085.9","1,215.5",,,,,,,,,,,,,,,,,,,,,,,,,,,,,,,,,,,,,,,,,,,,,,,,,,,,,,,,,
W06000023,Wales,Powys,0.0,0.0,0.0,420.4,0.1,236.4,7.5,664.4,591.5,10.8,"4,008.6",69.6,"4,680.5",420.5,243.9,"4,680.5","5,344.9",,,,,,,,,,,,,,,,,,,,,,,,,,,,,,,,,,,,,,,,,,,,,,,,,,,,,,,,,
W06000008,Wales,Ceredigion,0.0,0.0,0.0,106.1,7.9,157.9,1.0,272.9,323.9,1.9,"1,616.0",45.0,"1,986.8",114.0,158.9,"1,986.8","2,259.7",,,,,,,,,,,,,,,,,,,,,,,,,,,,,,,,,,,,,,,,,,,,,,,,,,,,,,,,,
W06000009,Wales,Pembrokeshire,0.0,0.0,0.0,111.6,6.2,150.0,3.9,271.7,231.8,6.3,"1,987.4",99.9,"2,325.4",117.8,153.9,"2,325.4","2,597.1",,,,,,,,,,,,,,,,,,,,,,,,,,,,,,,,,,,,,,,,,,,,,,,,,,,,,,,,,
W06000010,Wales,Carmarthenshire,5.1,0.0,5.1,141.7,6.9,223.3,23.8,395.7,297.1,28.5,"2,539.0",303.9,"3,168.6",153.7,247.1,"3,168.6","3,569.4",,,,,,,,,,,,,,,,,,,,,,,,,,,,,,,,,,,,,,,,,,,,,,,,,,,,,,,,,
W06000011,Wales,Swansea,15.4,0.0,15.4,0.0,0.0,57.7,42.6,100.3,52.8,43.3,333.5,622.4,"1,052.0",15.4,100.3,"1,052.0","1,167.7",,,,,,,,,,,,,,,,,,,,,,,,,,,,,,,,,,,,,,,,,,,,,,,,,,,,,,,,,
W06000012,Wales,Neath Port Talbot,23.5,0.0,23.5,23.9,3.2,85.1,38.1,150.3,45.3,16.8,293.9,348.3,704.3,50.6,123.2,704.3,878.1,,,,,,,,,,,,,,,,,,,,,,,,,,,,,,,,,,,,,,,,,,,,,,,,,,,,,,,,,
W06000013,Wales,Bridgend,17.7,0.0,17.7,0.0,0.0,72.1,29.3,101.4,15.8,13.6,286.8,377.4,693.6,17.7,101.4,693.6,812.7,,,,,,,,,,,,,,,,,,,,,,,,,,,,,,,,,,,,,,,,,,,,,,,,,,,,,,,,,
W06000014,Wales,The Vale of Glamorgan,3.7,0.0,3.7,0.0,0.0,51.5,19.8,71.3,50.4,10.6,493.6,313.2,867.8,3.7,71.3,867.8,942.8,,,,,,,,,,,,,,,,,,,,,,,,,,,,,,,,,,,,,,,,,,,,,,,,,,,,,,,,,
W06000015,Wales,Cardiff,17.0,0.0,17.0,6.1,2.5,28.3,60.5,97.4,6.6,21.3,116.7,841.5,986.0,25.6,88.8,986.0,"1,100.4",,,,,,,,,,,,,,,,,,,,,,,,,,,,,,,,,,,,,,,,,,,,,,,,,,,,,,,,,
W06000016,Wales,Rhondda Cynon Taf,9.8,0.0,9.8,18.9,10.0,100.4,51.6,180.9,33.8,38.8,418.3,527.6,"1,018.5",38.7,152.0,"1,018.5","1,209.2",,,,,,,,,,,,,,,,,,,,,,,,,,,,,,,,,,,,,,,,,,,,,,,,,,,,,,,,,
W06000024,Wales,Merthyr Tydfil,0.0,0.0,0.0,32.4,3.6,10.8,12.3,59.1,8.0,4.2,96.3,180.2,288.6,36.0,23.1,288.6,347.7,,,,,,,,,,,,,,,,,,,,,,,,,,,,,,,,,,,,,,,,,,,,,,,,,,,,,,,,,
W06000018,Wales,Caerphilly,0.0,0.0,0.0,3.8,0.0,69.6,24.8,98.2,30.2,35.4,390.8,460.5,917.0,3.8,94.4,917.0,"1,015.2",,,,,,,,,,,,,,,,,,,,,,,,,,,,,,,,,,,,,,,,,,,,,,,,,,,,,,,,,
W06000019,Wales,Blaenau Gwent,0.0,0.0,0.0,9.8,1.9,35.5,17.9,65.1,11.1,7.5,109.0,226.4,354.0,11.7,53.4,354.0,419.1,,,,,,,,,,,,,,,,,,,,,,,,,,,,,,,,,,,,,,,,,,,,,,,,,,,,,,,,,
W06000020,Wales,Torfaen,0.0,0.0,0.0,9.8,4.1,12.3,10.3,36.5,13.7,5.0,121.8,305.1,445.6,13.9,22.6,445.6,482.1,,,,,,,,,,,,,,,,,,,,,,,,,,,,,,,,,,,,,,,,,,,,,,,,,,,,,,,,,
W06000021,Wales,Monmouthshire,23.1,0.0,23.1,88.5,4.3,53.5,7.9,154.2,137.4,9.4,"1,127.5",176.0,"1,450.3",115.9,61.4,"1,450.3","1,627.6",,,,,,,,,,,,,,,,,,,,,,,,,,,,,,,,,,,,,,,,,,,,,,,,,,,,,,,,,
W06000022,Wales,Newport,26.7,0.0,26.7,7.9,0.2,31.3,18.5,57.9,22.0,25.1,242.2,385.5,674.8,34.8,49.8,674.8,759.4,,,,,,,,,,,,,,,,,,,,,,,,,,,,,,,,,,,,,,,,,,,,,,,,,,,,,,,,,
S12000033,Scotland [Note 2],Aberdeen City,0.0,0.0,0.0,30.1,3.1,17.9,57.0,108.1,12.3,19.9,130.5,786.1,948.8,33.2,74.9,948.8,"1,056.9",,,,,,,,,,,,,,,,,,,,,,,,,,,,,,,,,,,,,,,,,,,,,,,,,,,,,,,,,
S12000034,Scotland [Note 2],Aberdeenshire,0.0,0.0,0.0,176.4,15.6,645.2,72.6,909.8,735.5,57.0,"3,667.3",887.5,"5,347.3",192.0,717.8,"5,347.3","6,257.1",,,,,,,,,,,,,,,,,,,,,,,,,,,,,,,,,,,,,,,,,,,,,,,,,,,,,,,,,
S12000041,Scotland [Note 2],Angus,0.0,0.0,0.0,46.8,0.0,156.1,39.1,242.0,218.1,18.1,"1,083.9",369.0,"1,689.1",46.8,195.2,"1,689.1","1,931.1",,,,,,,,,,,,,,,,,,,,,,,,,,,,,,,,,,,,,,,,,,,,,,,,,,,,,,,,,
S12000035,Scotland [Note 2],Argyll & Bute,0.0,0.0,0.0,290.5,11.0,444.8,50.3,796.6,587.3,23.6,999.0,288.6,"1,898.5",301.5,495.1,"1,898.5","2,695.1",,,,,,,,,,,,,,,,,,,,,,,,,,,,,,,,,,,,,,,,,,,,,,,,,,,,,,,,,
S12000005,Scotland [Note 2],Clackmannanshire,0.0,0.0,0.0,2.2,0.0,32.4,15.9,50.5,22.8,10.9,45.1,184.0,262.8,2.2,48.3,262.8,313.3,,,,,,,,,,,,,,,,,,,,,,,,,,,,,,,,,,,,,,,,,,,,,,,,,,,,,,,,,
S12000006,Scotland [Note 2],Dumfries and Galloway,60.4,0.0,60.4,266.2,17.4,458.1,42.7,784.4,699.5,33.4,"2,633.9",443.0,"3,809.8",344.0,500.8,"3,809.8","4,654.6",,,,,,,,,,,,,,,,,,,,,,,,,,,,,,,,,,,,,,,,,,,,,,,,,,,,,,,,,
S12000042,Scotland [Note 2],Dundee City,0.0,0.0,0.0,0.8,14.8,1.8,30.4,47.8,1.9,12.2,19.7,528.9,562.7,15.6,32.2,562.7,610.5,,,,,,,,,,,,,,,,,,,,,,,,,,,,,,,,,,,,,,,,,,,,,,,,,,,,,,,,,
S12000008,Scotland [Note 2],East Ayrshire,10.7,0.0,10.7,43.1,5.1,107.6,32.6,188.4,148.3,45.4,519.0,420.7,"1,133.4",58.9,140.2,"1,133.4","1,332.5",,,,,,,,,,,,,,,,,,,,,,,,,,,,,,,,,,,,,,,,,,,,,,,,,,,,,,,,,
S12000045,Scotland [Note 2],East Dunbartonshire,0.0,0.0,0.0,0.0,0.0,30.2,25.2,55.4,27.4,17.4,71.3,383.0,499.1,0.0,55.4,499.1,554.5,,,,,,,,,,,,,,,,,,,,,,,,,,,,,,,,,,,,,,,,,,,,,,,,,,,,,,,,,
S12000010,Scotland [Note 2],East Lothian,0.0,0.0,0.0,50.6,0.4,82.2,32.8,166.0,139.9,26.2,476.5,307.6,950.2,51.0,115.0,950.2,"1,116.2",,,,,,,,,,,,,,,,,,,,,,,,,,,,,,,,,,,,,,,,,,,,,,,,,,,,,,,,,
S12000011,Scotland [Note 2],East Renfrewshire,11.9,0.0,11.9,6.3,0.0,15.1,16.0,37.4,21.5,14.0,112.7,327.1,475.3,18.2,31.1,475.3,524.6,,,,,,,,,,,,,,,,,,,,,,,,,,,,,,,,,,,,,,,,,,,,,,,,,,,,,,,,,
S12000036,Scotland [Note 2],"Edinburgh, City of",18.7,0.0,18.7,14.4,7.3,26.6,103.7,152.0,13.6,39.6,116.9,"1,227.6","1,397.7",40.4,130.3,"1,397.7","1,568.4",,,,,,,,,,,,,,,,,,,,,,,,,,,,,,,,,,,,,,,,,,,,,,,,,,,,,,,,,
S12000013,Scotland [Note 2],Eilean Siar,0.0,0.0,0.0,0.0,0.0,318.6,7.8,326.4,157.3,3.5,736.1,49.5,946.4,0.0,326.4,946.4,"1,272.8",,,,,,,,,,,,,,,,,,,,,,,,,,,,,,,,,,,,,,,,,,,,,,,,,,,,,,,,,
S12000014,Scotland [Note 2],Falkirk,38.6,0.0,38.6,2.6,0.0,51.8,56.8,111.2,57.2,37.9,197.8,533.2,826.1,41.2,108.6,826.1,975.9,,,,,,,,,,,,,,,,,,,,,,,,,,,,,,,,,,,,,,,,,,,,,,,,,,,,,,,,,
S12000047,Scotland [Note 2],Fife,23.2,0.0,23.2,80.5,12.7,218.9,95.1,407.2,221.6,93.9,730.2,"1,325.5","2,371.2",116.4,314.0,"2,371.2","2,801.6",,,,,,,,,,,,,,,,,,,,,,,,,,,,,,,,,,,,,,,,,,,,,,,,,,,,,,,,,
S12000049,Scotland [Note 2],Glasgow City,57.4,0.0,57.4,2.5,0.1,7.7,120.7,131.0,7.7,54.0,38.7,"1,630.2","1,730.7",60.0,128.4,"1,730.7","1,919.1",,,,,,,,,,,,,,,,,,,,,,,,,,,,,,,,,,,,,,,,,,,,,,,,,,,,,,,,,
S12000017,Scotland [Note 2],Highland,0.0,0.0,0.0,901.7,59.0,"1,349.1",43.4,"2,353.2",911.1,56.1,"3,797.9",869.8,"5,635.0",960.7,"1,392.5","5,635.0","7,988.2",,,,,,,,,,,,,,,,,,,,,,,,,,,,,,,,,,,,,,,,,,,,,,,,,,,,,,,,,
S12000018,Scotland [Note 2],Inverclyde,0.0,0.0,0.0,9.1,16.0,8.5,14.4,48.0,16.8,5.8,62.4,286.4,371.3,25.1,22.9,371.3,419.3,,,,,,,,,,,,,,,,,,,,,,,,,,,,,,,,,,,,,,,,,,,,,,,,,,,,,,,,,
S12000019,Scotland [Note 2],Midlothian,0.0,0.0,0.0,33.3,1.0,59.0,22.6,115.9,62.4,21.7,226.7,271.4,582.2,34.3,81.6,582.2,698.1,,,,,,,,,,,,,,,,,,,,,,,,,,,,,,,,,,,,,,,,,,,,,,,,,,,,,,,,,
S12000020,Scotland [Note 2],Moray,0.0,0.0,0.0,87.1,11.5,137.3,21.3,257.2,270.0,23.7,867.0,353.9,"1,514.6",98.6,158.6,"1,514.6","1,771.8",,,,,,,,,,,,,,,,,,,,,,,,,,,,,,,,,,,,,,,,,,,,,,,,,,,,,,,,,
S12000021,Scotland [Note 2],North Ayrshire,0.0,0.0,0.0,39.0,26.3,69.5,23.6,158.4,110.6,46.4,336.6,505.9,999.4,65.3,93.1,999.4,"1,157.8",,,,,,,,,,,,,,,,,,,,,,,,,,,,,,,,,,,,,,,,,,,,,,,,,,,,,,,,,
S12000050,Scotland [Note 2],North Lanarkshire,54.8,0.0,54.8,13.5,4.3,61.0,75.4,154.2,66.8,72.3,293.2,"1,117.7","1,550.0",72.6,136.4,"1,550.0","1,759.0",,,,,,,,,,,,,,,,,,,,,,,,,,,,,,,,,,,,,,,,,,,,,,,,,,,,,,,,,
S12000023,Scotland [Note 2],Orkney Islands,0.0,0.0,0.0,0.0,0.0,152.6,11.5,164.1,208.1,0.8,612.3,58.9,880.1,0.0,164.1,880.1,"1,044.2",,,,,,,,,,,,,,,,,,,,,,,,,,,,,,,,,,,,,,,,,,,,,,,,,,,,,,,,,
S12000048,Scotland [Note 2],Perth and Kinross,42.3,0.0,42.3,179.3,16.8,367.3,58.7,622.1,328.6,20.9,"1,392.1",496.9,"2,238.4",238.4,426.0,"2,238.4","2,902.8",,,,,,,,,,,,,,,,,,,,,,,,,,,,,,,,,,,,,,,,,,,,,,,,,,,,,,,,,
S12000038,Scotland [Note 2],Renfrewshire,23.9,0.0,23.9,15.0,7.1,21.9,39.8,83.8,36.5,26.1,171.1,633.1,866.7,46.0,61.7,866.7,974.4,,,,,,,,,,,,,,,,,,,,,,,,,,,,,,,,,,,,,,,,,,,,,,,,,,,,,,,,,
S12000026,Scotland [Note 2],Scottish Borders,0.0,0.0,0.0,145.2,16.1,423.3,38.0,622.6,566.7,36.6,"1,680.2",347.5,"2,631.0",161.3,461.3,"2,631.0","3,253.6",,,,,,,,,,,,,,,,,,,,,,,,,,,,,,,,,,,,,,,,,,,,,,,,,,,,,,,,,
S12000027,Scotland [Note 2],Shetland Islands,0.0,0.0,0.0,0.0,0.0,212.5,12.3,224.8,152.2,2.8,600.5,55.2,810.7,0.0,224.8,810.7,"1,035.5",,,,,,,,,,,,,,,,,,,,,,,,,,,,,,,,,,,,,,,,,,,,,,,,,,,,,,,,,
S12000028,Scotland [Note 2],South Ayrshire,0.0,0.0,0.0,84.0,10.8,79.2,29.2,203.2,178.1,26.6,513.2,394.8,"1,112.7",94.8,108.4,"1,112.7","1,315.9",,,,,,,,,,,,,,,,,,,,,,,,,,,,,,,,,,,,,,,,,,,,,,,,,,,,,,,,,
S12000029,Scotland [Note 2],South Lanarkshire,73.1,0.0,73.1,35.9,14.4,190.2,69.3,309.8,170.5,51.0,837.5,"1,107.0","2,166.0",123.4,259.5,"2,166.0","2,548.9",,,,,,,,,,,,,,,,,,,,,,,,,,,,,,,,,,,,,,,,,,,,,,,,,,,,,,,,,
S12000030,Scotland [Note 2],Stirling,22.8,0.0,22.8,102.6,4.7,169.3,39.2,315.8,135.3,23.1,391.4,304.4,854.2,130.1,208.5,854.2,"1,192.8",,,,,,,,,,,,,,,,,,,,,,,,,,,,,,,,,,,,,,,,,,,,,,,,,,,,,,,,,
S12000039,Scotland [Note 2],West Dunbartonshire,0.0,0.0,0.0,11.5,8.3,13.9,31.6,65.3,0.3,8.6,48.3,301.6,358.7,19.8,45.5,358.7,424.0,,,,,,,,,,,,,,,,,,,,,,,,,,,,,,,,,,,,,,,,,,,,,,,,,,,,,,,,,
S12000040,Scotland [Note 2],West Lothian,37.5,0.0,37.5,0.0,0.0,92.2,54.6,146.8,70.2,45.0,251.3,641.0,"1,007.5",37.5,146.8,"1,007.5","1,191.8",,,,,,,,,,,,,,,,,,,,,,,,,,,,,,,,,,,,,,,,,,,,,,,,,,,,,,,,,
